Name,Development Company,Price,Response Speed,Accuracy,Ethical Training,Green Computing Resources,Local Deployment Capability,Training Resource Requirements,Fine-Tuning Difficulty,Multilingual Support Capability,Model Scalability,Text Generation,Image Generation,Song Generation,Code Generation,Table Processing,Summarization,Logical Reasoning,Mathematical Problem Solving, Description
GPT-4,OpenAI,2,3,5,4,3,0,0,2,5,5,1,0,0,1,1,1,1,1,"A highly advanced language model developed by OpenAI, known for its strong performance in generating human-like text across a wide range of tasks."
LLaMA 2,Meta,0,3,4,3,3,1,2,4,3,4,1,0,0,1,0,1,1,1,"A family of open-source language models from Meta, designed for efficient performance in research and practical applications."
PaLM 2,Google,2,4,5,4,5,0,0,2,5,5,1,0,0,1,1,1,1,1,"A powerful multilingual large language model by Google, optimized for translation, reasoning, and code generation tasks."
T5,Google,0,3,4,4,5,1,3,4,4,4,1,0,0,0,0,1,1,1,"A text-to-text transfer transformer model by Google, designed to handle a wide range of natural language processing tasks by converting everything into a text generation problem."
Claude 2,Anthropic,3,3,4,5,3,0,0,2,4,4,1,0,0,1,0,1,1,1,"A conversational AI model developed by Anthropic, focused on safety, ethical use, and delivering useful, responsible AI interactions."
Grok,X,3,3,3,3,2,0,0,1,2,3,1,0,0,0,0,0,0,0,"An AI tool developed by X (formerly Twitter), intended for answering questions and assisting with user tasks directly within the platform."
BLOOM,BigScience,0,3,4,4,3,1,1,4,5,4,1,0,0,0,0,0,0,0,"A multilingual, open-access large language model created by the BigScience project, designed to handle multiple languages and tasks."
DALL-E 3,OpenAI,2,3,4,4,3,0,0,2,1,4,1,1,0,0,0,0,0,0,"An image generation model from OpenAI that creates highly detailed and accurate images based on text prompts."
Stable Diffusion,Stability AI,0,3,4,3,3,1,4,5,1,4,1,1,0,0,0,0,0,0,"An open-source image generation model by Stability AI, known for producing high-quality images from text input efficiently."
Jukebox,OpenAI,0,2,3,3,3,1,1,3,1,3,1,0,1,0,0,0,0,0,"An AI model developed by OpenAI that generates music, including lyrics and vocals, based on genre, style, and artist influences."