Name,Development Company,Price,Response Speed,Accuracy,Ethical Training,Green Computing Resources,Local Deployment Capability,Training Resource Requirements,Fine-Tuning Difficulty,Multilingual Support Capability,Model Scalability,Text Generation,Image Generation,Song Generation,Code Generation,Table Processing,Summarization,Logical Reasoning,Mathematical Problem Solving
GPT-4,OpenAI,2,3,5,4,3,0,0,2,5,5,1,0,0,1,1,1,1,1
LLaMA 2,Meta,0,3,4,3,3,1,2,4,3,4,1,0,0,1,0,1,1,1
PaLM 2,Google,2,4,5,4,5,0,0,2,5,5,1,0,0,1,1,1,1,1
T5,Google,0,3,4,4,5,1,3,4,4,4,1,0,0,0,0,1,1,1
Claude 2,Anthropic,3,3,4,5,3,0,0,2,4,4,1,0,0,1,0,1,1,1
Grok,X,3,3,3,3,2,0,0,1,2,3,1,0,0,0,0,0,0,0
BLOOM,BigScience,0,3,4,4,3,1,1,4,5,4,1,0,0,0,0,0,0,0
DALL-E 3,OpenAI,2,3,4,4,3,0,0,2,1,4,1,1,0,0,0,0,0,0
Stable Diffusion,Stability AI,0,3,4,3,3,1,4,5,1,4,1,1,0,0,0,0,0,0
Jukebox,OpenAI,0,2,3,3,3,1,1,3,1,3,1,0,1,0,0,0,0,0